City,Cloudiness,Country,Date,Humidity,Lat,Lng,Max Temp,Wind Speed
Saint George,40,GR,1544282400,66,39.45,22.34,9.0,1.0
Muroto,32,JP,1544284399,100,33.37,134.14,4.68,4.66
Albany,75,US,1544281080,56,42.65,-73.75,-6.0,1.5
Kaputa,36,ZM,1544284469,85,-8.47,29.66,23.18,2.11
Luderitz,0,NA,1544284380,75,-26.65,15.16,17.68,8.61
Punta Arenas,75,CL,1544281200,62,-53.16,-70.91,11.0,11.3
Taoudenni,0,ML,1544284470,21,22.68,-3.98,26.65,6.26
Veraval,90,FR,1544283000,93,49.65,0.71,11.0,8.7
Bethel,20,US,1544280960,91,60.79,-161.76,-8.3,4.6
Qaqortoq,20,GL,1544284470,91,60.72,-46.03,-2.65,2.41
Cape Town,40,ZA,1544281200,53,-33.93,18.42,22.0,6.2
Hermanus,88,ZA,1544284361,77,-34.42,19.24,16.58,1.66
Busselton,0,AU,1544284350,100,-33.64,115.35,16.68,8.86
Khatanga,68,RU,1544284386,76,71.98,102.47,-21.6,1.51
Thompson,75,CA,1544281200,84,55.74,-97.86,-16.0,3.1
Esperance,40,TT,1544281200,58,10.24,-61.45,30.0,6.7
Cayenne,75,GF,1544283000,70,4.94,-52.33,29.0,5.7
Port Lincoln,12,AU,1544284420,96,-34.72,135.86,16.5,6.11
Norrtalje,75,SE,1544282400,93,59.76,18.7,5.0,5.1
Ponta do Sol,32,BR,1544284371,89,-20.63,-46.0,23.55,2.51
Nikolskoye,75,RU,1544283000,74,59.7,30.79,-1.0,11.0
Hobart,75,AU,1544283000,82,-42.88,147.33,14.0,2.6
Clyde River,20,CA,1544281200,56,70.47,-68.59,-26.0,3.6
Butaritari,100,KI,1544284414,100,3.07,172.79,29.45,3.36
Albury,80,AU,1544281200,44,-36.08,146.92,26.0,1.66
Dinguiraye,0,GN,1544284472,27,11.29,-10.71,33.1,3.01
Tasiilaq,5,GL,1544280600,53,65.61,-37.64,-6.0,2.6
Georgetown,75,GY,1544281200,74,6.8,-58.16,30.0,6.2
Upernavik,64,GL,1544284356,100,72.79,-56.15,-13.6,2.41
Carnarvon,0,ZA,1544284381,12,-30.97,22.13,22.83,4.51
Les Cayes,0,HT,1544284473,94,18.19,-73.75,28.33,5.01
Mataura,88,NZ,1544284361,65,-46.19,168.86,17.0,6.71
Ust-Kuyga,24,RU,1544284473,89,70.0,135.55,-40.4,1.41
Atuona,88,PF,1544284355,100,-9.8,-139.03,26.9,8.16
Traralgon,68,AU,1544284474,85,-38.19,146.54,17.7,1.21
Rikitea,92,PF,1544284355,100,-23.12,-134.97,23.85,5.91
Bluff,92,AU,1544284370,61,-23.58,149.07,22.83,7.21
Severo-Kurilsk,88,RU,1544284354,100,50.68,156.12,-1.35,4.66
Lagoa,0,PT,1544281200,56,37.14,-8.45,20.0,3.6
Sile,75,US,1544284020,93,35.56,-106.37,2.2,2.6
Hilo,90,US,1544280780,81,19.71,-155.08,22.2,3.1
Barrow,0,AR,1544284444,46,-38.31,-60.23,27.45,8.31
De Aar,0,ZA,1544284476,10,-30.65,24.01,26.05,5.91
Pevek,76,RU,1544284363,100,69.7,170.27,-17.18,5.46
Andros Town,75,BS,1544281200,69,24.73,-77.79,26.0,5.1
Katsuura,75,JP,1544282520,48,33.93,134.5,5.0,8.7
Micheweni,8,TZ,1544284476,100,-4.97,39.83,28.55,3.66
Ewa Beach,90,US,1544282520,92,21.32,-158.01,23.3,1.5
Kavieng,48,PG,1544284412,100,-2.57,150.8,29.75,2.86
Lebu,0,ET,1544284407,36,8.96,38.73,19.05,3.81
Dikson,80,RU,1544284477,100,73.51,80.55,-11.28,13.01
Kapaa,90,US,1544280960,73,22.08,-159.32,22.2,10.3
Sao Joao da Barra,75,BR,1544281200,73,-21.64,-41.05,23.0,7.7
Ushuaia,75,AR,1544281200,43,-54.81,-68.31,11.0,9.3
Santa Isabel do Rio Negro,48,BR,1544284478,88,-0.41,-65.02,27.5,1.06
Muros,75,ES,1544283000,87,42.77,-9.06,11.0,3.6
Otautau,80,NZ,1544284478,65,-46.14,168.0,17.5,6.71
Lata,0,IN,1544284478,96,30.78,78.62,0.7,1.06
Sur,24,OM,1544284479,93,22.57,59.53,25.7,2.76
Saint-Philippe,1,CA,1544283300,73,45.36,-73.48,-12.2,1.5
Talcahuano,75,CL,1544281200,68,-36.72,-73.12,18.0,7.7
Shingu,20,JP,1544284432,100,33.72,135.99,8.55,8.81
Yellowknife,75,CA,1544281200,92,62.45,-114.38,-13.0,5.1
Smithers,75,CA,1544281200,73,54.78,-127.17,-6.0,2.6
Hami,8,CN,1544284353,47,42.84,93.51,-19.5,2.01
Ucluelet,90,CA,1544281200,93,48.94,-125.55,7.0,2.1
Sao Filipe,0,CV,1544284480,90,14.9,-24.5,25.1,5.71
Hithadhoo,92,MV,1544284069,99,-0.6,73.08,28.85,4.66
Vaini,12,IN,1544284385,85,15.34,74.49,23.18,0.41
Ponta Delgada,0,PT,1544281200,49,37.73,-25.67,21.0,4.1
Pierre,1,US,1544280780,87,44.37,-100.35,-8.3,4.6
Matagami,0,NG,1544284481,43,9.67,8.4,29.43,1.76
Norman Wells,75,CA,1544281200,84,65.28,-126.83,-13.0,1.0
Tuktoyaktuk,90,CA,1544281200,84,69.44,-133.03,-13.0,7.2
Cidreira,0,BR,1544284366,80,-30.17,-50.22,21.9,2.06
Bredasdorp,0,ZA,1544281200,49,-34.53,20.04,22.0,5.1
Qaanaaq,44,GL,1544284397,100,77.48,-69.36,-18.78,4.66
Nanortalik,36,GL,1544284407,90,60.14,-45.24,-2.6,3.16
Haines Junction,44,CA,1544284308,76,60.75,-137.51,-0.7,5.11
Luena,8,AO,1544284482,82,-11.78,19.91,24.95,2.01
Mogadishu,36,SO,1544284225,99,2.04,45.34,27.4,6.71
Yaan,0,NG,1544284482,33,7.38,8.57,35.83,1.66
Santiago de Cao,90,PE,1544281200,88,-7.96,-79.24,20.0,4.1
Petropavlovsk-Kamchatskiy,32,RU,1544281200,66,53.05,158.65,-12.0,1.0
Broome,75,GB,1544282400,87,52.47,1.45,10.0,8.2
Ancud,90,CL,1544281200,82,-41.87,-73.83,14.0,6.7
Nautla,0,MX,1544284483,100,20.22,-96.78,24.05,3.41
Saldanha,8,PT,1544284484,78,41.42,-6.55,10.73,1.96
East London,20,ZA,1544281200,77,-33.02,27.91,20.0,6.7
Gao,0,ML,1544284484,19,16.28,-0.04,31.15,5.21
Port Alfred,32,ZA,1544284363,87,-33.59,26.89,20.6,5.86
Lavrentiya,80,RU,1544284386,100,65.58,-170.99,-4.45,13.56
Komsomolskiy,68,RU,1544284485,86,67.55,63.78,-8.55,4.21
Kalmunai,92,LK,1544284485,100,7.42,81.82,23.68,2.76
Lancaster,75,US,1544282100,66,40.04,-76.31,0.6,2.1
Avarua,75,CK,1544281200,83,-21.21,-159.78,26.0,3.6
Dunedin,68,NZ,1544284222,75,-45.87,170.5,15.18,1.31
Hirara,92,JP,1544284467,100,24.8,125.28,22.33,11.96
Saint-Pierre,90,FR,1544283000,100,48.95,4.24,10.0,10.3
Thornbury,90,GB,1544282400,100,51.61,-2.53,12.0,12.3
Mar del Plata,48,AR,1544284352,27,-46.43,-67.52,29.55,7.81
Anadyr,0,RU,1544281200,75,64.73,177.51,-25.0,8.0
Misratah,12,LY,1544284487,82,32.38,15.09,19.55,4.31
Tres Arroyos,0,AR,1544284487,46,-38.38,-60.28,27.45,8.31
Torbay,90,CA,1544281200,86,47.66,-52.73,-3.0,2.1
Chokurdakh,36,RU,1544284401,62,70.62,147.9,-36.53,1.46
Blois,90,FR,1544283000,93,47.59,1.33,11.0,6.7
Ilulissat,75,GL,1544280600,78,69.22,-51.1,-12.0,1.5
Erenhot,0,CN,1544284418,62,43.65,111.97,-23.1,4.81
Lakhipur,0,IN,1544284488,86,26.03,90.3,14.35,0.51
New Norfolk,75,AU,1544283000,82,-42.78,147.06,14.0,2.6
Puerto Ayora,20,EC,1544281200,61,-0.74,-90.35,26.0,7.2
Mossendjo,92,CG,1544284488,88,-2.95,12.72,23.9,1.36
Rawson,0,AR,1544284378,21,-43.3,-65.11,35.15,6.06
Willmar,90,US,1544283300,92,45.12,-95.04,-8.0,1.5
Vrede,64,ZA,1544284489,82,-27.43,29.16,17.48,1.86
Vila Velha,75,BR,1544281200,66,-3.71,-38.6,30.0,5.1
Maceio,40,BR,1544281200,46,-9.67,-35.74,33.0,5.1
Pacific Grove,1,US,1544282100,92,36.62,-121.92,7.8,1.86
Mwinilunga,24,ZM,1544284490,71,-11.73,24.43,25.35,1.31
Antsohihy,0,MG,1544284490,69,-14.88,47.99,29.15,4.01
Te Anau,92,NZ,1544284351,73,-45.41,167.72,12.8,3.86
Constitucion,20,MX,1544280000,67,23.99,-104.67,14.0,2.6
Coro,32,VE,1544284490,72,11.41,-69.67,28.08,4.66
Colac,88,AU,1544284490,83,-38.34,143.59,16.23,1.31
Quatre Cocos,40,MU,1544281200,74,-20.21,57.76,27.0,2.6
Castro,90,CL,1544281200,82,-42.48,-73.76,14.0,6.7
Bikaner,0,IN,1544284491,54,28.02,73.32,13.98,1.26
Ribeira Grande,75,PT,1544281200,82,38.52,-28.7,18.0,3.6
Makarov,36,RU,1544284491,100,48.62,142.78,-14.58,4.46
Hervey Bay,90,AU,1544281200,88,-25.3,152.85,21.0,4.1
Herat,40,AF,1544280900,50,34.35,62.22,12.0,1.26
Coihaique,40,CL,1544281200,46,-45.58,-72.07,22.0,4.1
Veracruz,40,VE,1544281200,83,7.66,-72.25,25.0,2.6
Kodiak,1,US,1544283300,45,39.95,-94.76,-3.0,5.7
Tongren,92,CN,1544284418,94,27.72,109.18,-2.78,3.56
Vila Franca do Campo,0,PT,1544281200,49,37.72,-25.43,21.0,4.1
Poum,90,MK,1544279400,75,41.28,20.71,6.0,1.5
Veselynove,75,UA,1544281200,94,47.36,31.24,3.0,6.0
Fayaoue,12,NC,1544284493,100,-20.65,166.53,25.5,12.26
Kupang,40,ID,1544281200,94,-10.16,123.6,27.0,1.0
Cabo San Lucas,5,MX,1544280420,77,22.89,-109.91,19.0,5.61
Eureka,75,US,1544283300,87,40.8,-124.16,12.2,7.7
Ahipara,0,NZ,1544284494,100,-35.17,173.16,11.93,3.76
Codrington,80,AU,1544281200,82,-28.95,153.24,21.0,2.1
Tarakan,44,ID,1544284366,97,3.3,117.63,27.83,0.86
Chumikan,56,RU,1544284495,69,54.72,135.31,-20.6,5.11
Langenburg,0,CA,1544284495,38,50.84,-101.7,-24.75,1.86
Verkhnyaya Toyma,56,RU,1544284416,78,62.24,45.0,-7.33,2.81
Jacareacanga,76,BR,1544284369,88,-6.22,-57.76,26.65,1.16
Tondano,40,ID,1544283000,94,1.3,124.91,25.0,1.0
Hailar,0,CN,1544284496,36,49.2,119.7,-31.83,1.41
Isangel,36,VU,1544284496,100,-19.55,169.27,25.45,11.36
Santa Marinella,0,IT,1544282400,51,42.04,11.87,16.0,6.7
Killam,0,CA,1544284497,43,52.79,-111.86,-22.0,1.31
Wanaka,68,NZ,1544284497,63,-44.7,169.14,11.68,1.16
Geraldton,20,CA,1544281200,78,49.72,-86.95,-12.0,2.6
Tiksi,8,RU,1544284405,81,71.64,128.87,-39.4,1.31
Tuatapere,88,NZ,1544284498,80,-46.13,167.69,16.2,7.51
Rossland,80,CA,1544284498,85,49.08,-117.8,-12.35,0.81
Sinnamary,88,GF,1544284433,92,5.38,-52.96,27.05,5.56
Chicama,90,PE,1544281200,88,-7.84,-79.15,20.0,4.1
Batagay-Alyta,8,RU,1544284498,0,67.8,130.41,-38.25,0.76
Mahebourg,40,MU,1544281200,74,-20.41,57.7,27.0,2.6
Passo de Camaragibe,40,BR,1544281200,46,-9.24,-35.49,33.0,5.1
Ramachandrapuram,36,IN,1544283000,78,16.83,82.03,25.0,3.51
San Policarpo,44,PH,1544284499,100,12.18,125.51,24.83,3.01
Arraial do Cabo,75,BR,1544281200,94,-22.97,-42.02,20.0,6.2
Adrar,0,DZ,1544284500,33,27.87,-0.29,22.4,6.96
Souillac,75,FR,1544281200,82,45.6,-0.6,13.0,7.7
Salalah,20,OM,1544280600,65,17.01,54.1,26.0,1.0
Saskylakh,56,RU,1544284405,73,71.97,114.09,-21.25,2.21
Pangnirtung,5,CA,1544281200,63,66.15,-65.72,-23.0,1.5
Jieshi,88,CN,1544284500,100,22.82,115.83,17.3,5.91
Jamestown,64,AU,1544284372,40,-33.21,138.6,25.33,3.41
Namibe,0,AO,1544284419,100,-15.19,12.15,22.25,5.26
Strand,40,ZA,1544281200,53,-34.11,18.83,22.0,6.2
Puerto Narino,40,CO,1544281200,79,-3.77,-70.38,29.0,2.1
Dukat,80,RS,1544284406,90,42.44,22.31,1.1,0.86
Visnes,75,NO,1544282400,75,59.36,5.22,7.0,6.7
Grand Gaube,40,MU,1544281200,74,-20.01,57.66,27.0,2.6
Nelson,76,CA,1544284216,93,49.49,-117.29,-13.78,0.86
Preeceville,0,CA,1544284502,72,51.95,-102.67,-19.65,1.66
Iralaya,40,HN,1544281200,74,15.0,-83.23,29.0,3.1
Kaitangata,92,NZ,1544284420,62,-46.28,169.85,16.68,8.01
Itarema,64,BR,1544284360,92,-2.92,-39.92,29.05,3.31
Anaconda,1,US,1544280780,74,46.13,-112.94,-19.4,2.1
Cururupu,68,BR,1544284437,75,-1.82,-44.87,30.0,2.56
Searcy,90,US,1544280960,100,35.25,-91.74,1.3,7.2
Santa Cruz de la Palma,75,ES,1544283000,68,28.68,-17.76,21.0,5.1
Guatire,20,VE,1544281200,78,10.47,-66.54,27.0,2.1
Ixtapa,75,MX,1544280420,100,20.71,-105.21,22.0,3.6
Vostok,36,RU,1544284504,55,46.45,135.83,-21.33,2.56
Rocha,0,UY,1544284417,50,-34.48,-54.34,23.35,3.86
Jinchang,0,CN,1544284505,66,38.52,102.19,-17.28,1.31
Avera,90,US,1544283300,86,33.19,-82.53,8.0,4.1
Khandbari,64,NP,1544284505,75,27.38,87.21,-1.93,0.31
Sorong,76,ID,1544284505,100,-0.86,131.25,26.75,1.41
Golkoy,75,TR,1544280600,75,40.69,37.62,8.0,1.5
Yulara,64,AU,1544281200,19,-25.24,130.99,35.0,3.6
Cherskiy,32,RU,1544284506,53,68.75,161.3,-35.03,1.96
Gainesville,1,US,1544283300,77,29.65,-82.33,17.8,3.1
Tura,0,IN,1544284506,86,25.52,90.21,14.35,0.51
Narsaq,8,GL,1544284422,57,60.91,-46.05,-15.33,1.61
Kyren,56,RU,1544284506,52,51.68,102.13,-29.58,0.96
Port Macquarie,8,AU,1544281200,77,-31.43,152.91,19.0,3.6
Finote Selam,44,ET,1544284507,77,10.7,37.27,17.5,0.16
Chihuahua,5,MX,1544280000,80,28.66,-106.08,4.0,2.41
Ialibu,92,PG,1544284248,98,-6.28,143.99,13.9,0.91
Babai,75,UA,1544283000,92,49.9,36.2,-4.0,3.0
Nuuk,75,GL,1544280600,79,64.17,-51.74,-7.0,5.7
Harer,90,US,1544283300,92,42.19,-111.17,-5.0,1.5
Vilyuysk,56,RU,1544284508,61,63.75,121.63,-29.43,2.31
San Patricio,0,PY,1544284372,57,-26.98,-56.83,24.9,1.81
Chippewa Falls,90,US,1544283300,86,44.94,-91.39,-10.5,2.11
Shakiso,0,ET,1544284509,43,5.77,38.9,23.33,2.41
Husavik,24,CA,1544284509,74,50.56,-96.99,-16.15,6.16
Luanda,75,AO,1544281200,69,-8.83,13.24,28.0,5.1
Yablonovo,90,RU,1544283000,100,50.85,37.36,-5.0,2.0
Bambous Virieux,40,MU,1544281200,74,-20.34,57.76,27.0,2.6
Walvis Bay,0,NA,1544281200,44,-22.95,14.51,25.0,10.3
Tiarei,75,PF,1544283000,78,-17.53,-149.33,26.0,5.1
Tezu,0,IN,1544284510,60,27.93,96.16,10.45,1.01
Kirakira,0,SB,1544284511,99,-10.46,161.92,29.35,2.06
Dingle,68,PH,1544284367,82,11.0,122.67,26.3,5.81
Namatanai,44,PG,1544284511,98,-3.66,152.44,29.08,3.21
Bandarban,0,BD,1544281200,88,22.2,92.22,20.0,0.91
Vestmannaeyjar,40,IS,1544281800,74,63.44,-20.27,2.0,9.3
Candido Mendes,44,BR,1544284511,94,-1.45,-45.72,28.48,4.56
Kloulklubed,75,PW,1544280600,83,7.04,134.26,27.0,3.6
Kemin,92,KG,1544284512,84,42.79,75.7,-3.53,1.16
Nishihara,75,JP,1544283000,72,35.74,139.53,10.0,7.7
Yenagoa,12,NG,1544284512,98,4.92,6.26,27.1,3.06
Ariquemes,100,BR,1544284512,94,-9.91,-63.03,24.65,1.31
Takaungu,20,KE,1544281200,74,-3.68,39.86,29.0,3.1
Pangkalanbuun,48,ID,1544284513,99,-2.68,111.62,23.48,0.81
Opotiki,12,NZ,1544284513,100,-38.01,177.29,16.7,1.16
Guerrero Negro,0,MX,1544284406,100,27.97,-114.04,9.93,1.96
Durban,0,FR,1544281200,66,43.54,0.58,13.0,3.6
Turukhansk,88,RU,1544284514,66,65.8,87.96,-22.6,7.16
Seoul,1,KR,1544283000,47,37.57,126.98,-7.2,1.0
Port Elizabeth,75,US,1544280960,71,39.31,-74.98,-0.3,0.61
Clarence Town,0,AU,1544283000,82,-32.59,151.78,19.0,4.1
Lasa,40,CY,1544283000,59,34.92,32.53,18.0,2.1
Rabo de Peixe,0,PT,1544281200,49,37.8,-25.58,21.0,4.1
Narkevychi,92,UA,1544284515,96,49.52,26.64,1.7,4.76
Orumiyeh,40,IR,1544281200,93,37.55,45.08,5.0,2.1
Kem,88,UG,1544284515,32,2.68,33.77,30.65,2.31
Hambantota,75,LK,1544281800,100,6.12,81.12,26.0,3.6
Julfa,75,AZ,1544283000,87,38.95,45.63,7.0,1.0
Rio Cuarto,0,AR,1544281200,34,-33.13,-64.35,27.0,12.3
Farrukhnagar,0,IN,1544283000,63,28.45,76.82,17.0,3.31
Antofagasta,0,CL,1544281200,63,-23.65,-70.4,19.0,8.7
Marovoay,20,MG,1544281200,74,-16.11,46.64,30.0,5.1
La Tuque,36,CA,1544284517,77,47.44,-72.79,-20.0,1.06
Aquiraz,75,BR,1544281200,66,-3.9,-38.39,30.0,5.1
Makakilo City,90,US,1544282520,92,21.35,-158.09,23.3,1.5
Yeysk,8,RU,1544284518,93,46.71,38.27,-1.0,1.86
Pittsfield,1,US,1544283300,81,39.61,-90.81,-4.0,3.1
Zabol,68,IR,1544281200,29,31.03,61.49,16.0,2.1
Faya,20,SA,1544281200,72,18.39,42.45,18.0,3.1
Kizner,76,RU,1544284518,91,56.27,51.51,-5.9,1.46
Marsh Harbour,8,BS,1544284519,100,26.54,-77.06,24.55,6.56
Abrau-Dyurso,75,RU,1544283000,81,44.7,37.6,3.0,2.0
Puerto Castilla,8,ES,1544284520,75,40.29,-5.63,12.2,0.86
Darhan,8,MN,1544284520,40,49.49,105.92,-33.3,1.31
Sikonge,92,TZ,1544284520,69,-5.63,32.75,24.43,1.61
Chuy,0,UY,1544284377,82,-33.69,-53.46,22.18,3.41
Longyearbyen,75,NO,1544280600,79,78.22,15.63,-2.0,4.1
Pandan Niog,12,PH,1544284394,97,6.23,120.56,29.85,1.31
Valparaiso,90,US,1544283300,79,41.47,-87.06,-2.0,2.56
Yar-Sale,80,RU,1544284521,95,66.83,70.83,-7.55,5.26
Karjat,0,IN,1544283000,45,18.91,73.32,28.0,2.6
Dicabisagan,100,PH,1544284364,100,17.08,122.42,23.68,4.91
Broken Hill,100,AU,1544281200,44,-31.97,141.45,26.0,7.2
Mareeba,90,AU,1544283000,83,-16.99,145.42,24.0,2.6
Monze,48,ZM,1544284522,87,-16.28,27.48,23.48,1.61
Port-Gentil,90,GA,1544281200,74,-0.72,8.78,29.0,3.1
Bandikui,0,IN,1544284522,67,27.05,76.58,14.9,1.31
Iqaluit,75,CA,1544281200,76,63.75,-68.52,-23.0,1.5
Kedrovyy,40,RU,1544283000,83,56.17,91.82,-22.0,1.56
Staryy Nadym,88,RU,1544284378,87,65.61,72.68,-7.78,4.81
Bilma,0,NE,1544284523,28,18.69,12.92,24.93,3.41
Tamiahua,68,MX,1544284523,100,21.28,-97.45,23.08,3.41
Sterling,1,US,1544283300,60,39.0,-77.4,2.6,1.5
Ler,75,NO,1544282400,91,63.2,10.3,2.0,3.6
Puerto Penasco,0,MX,1544284524,100,31.32,-113.53,13.85,3.76
Mitchell,1,US,1544280780,86,43.71,-98.03,-13.3,5.1
Jumla,0,NP,1544284525,86,29.28,82.18,-8.75,0.86
Nizhniy Tsasuchey,0,RU,1544284525,64,50.52,115.13,-26.28,1.41
Beringovskiy,32,RU,1544284525,100,63.05,179.32,-17.05,8.66
Thai Binh,90,VN,1544283000,93,20.45,106.33,16.0,3.1
Kavaratti,0,IN,1544284418,100,10.57,72.64,29.58,1.96
Sechura,56,PE,1544284251,82,-5.56,-80.82,22.4,3.11
Belle Fourche,1,US,1544283300,50,44.67,-103.85,-1.0,5.7
Lodwar,0,KE,1544284526,37,3.12,35.6,31.83,4.46
Itoman,75,JP,1544283000,68,26.12,127.67,19.0,6.2
Englewood,1,US,1544283360,82,39.65,-104.99,-1.6,2.81
Miracema do Tocantins,8,BR,1544284527,85,-9.56,-48.4,30.75,2.01
Canico,40,PT,1544281200,72,32.63,-16.85,19.0,6.7
Hualmay,36,PE,1544284308,77,-11.1,-77.61,21.43,2.06
Kitui,24,KE,1544284528,75,-1.37,38.02,23.15,3.21
Nemuro,12,JP,1544284362,100,43.32,145.57,-1.33,7.71
Dudinka,80,RU,1544284276,81,69.41,86.18,-20.25,10.16
San Quintin,0,PH,1544284308,83,17.54,120.52,21.68,1.81
Diamantino,8,BR,1544284412,85,-14.4,-56.44,28.93,2.36
Bandarbeyla,12,SO,1544284529,100,9.49,50.81,26.2,7.56
Taytay,12,PH,1544284294,85,10.83,119.52,28.3,8.41
Margate,75,AU,1544283000,82,-43.03,147.26,14.0,2.6
Port Said,12,EG,1544284530,40,25.34,30.55,18.58,1.41
Rapu-Rapu,80,PH,1544284530,100,13.19,124.13,26.15,6.41
Den Helder,90,NL,1544282700,76,52.96,4.76,11.0,12.9
Batagay,32,RU,1544284382,0,67.65,134.64,-43.65,1.31
Viedma,0,AR,1544284530,29,-40.81,-62.99,32.95,8.46
Aasiaat,64,GL,1544284530,100,68.71,-52.87,-7.45,0.41
Kununurra,0,AU,1544283000,83,-15.77,128.74,28.0,1.0
Goderich,80,CA,1544284358,89,43.74,-81.71,-1.53,6.91
Kinshasa,75,CD,1544281200,58,-4.32,15.31,31.0,4.6
Mittweida,75,DE,1544282400,81,50.99,12.98,6.0,8.2
Chaman,0,AF,1544284531,86,30.92,66.46,3.55,1.31
Lazaro Cardenas,5,MX,1544280000,80,28.39,-105.62,4.0,1.96
Tsabong,0,BW,1544284532,13,-26.02,22.4,33.1,5.86
Praia da Vitoria,0,PT,1544281200,64,38.73,-27.07,22.0,4.56
Santo Antonio do Sudoeste,0,BR,1544284533,44,-26.07,-53.73,26.83,1.61
Tiquisio,20,CO,1544284533,50,8.56,-74.26,30.43,0.91
Udachnyy,56,RU,1544284533,74,66.42,112.4,-27.5,1.11
Ambulu,92,ID,1544284534,100,-8.35,113.61,25.93,1.16
Aqtobe,0,KZ,1544283000,66,50.28,57.21,-10.0,3.0
Padang,36,ID,1544284406,100,-0.92,100.36,27.5,2.86
Biak,32,ID,1544284534,97,-0.91,122.88,26.73,1.76
Provideniya,0,RU,1544284384,100,64.42,-173.23,-7.78,9.86
Edson,1,CA,1544281200,71,53.59,-116.44,-13.0,2.6
Bathsheba,75,BB,1544281200,74,13.22,-59.52,27.0,9.3
Saint-Georges,24,CA,1544284465,63,46.12,-70.67,-15.9,2.06
Kananga,92,CD,1544284535,90,-5.9,22.41,24.0,2.76
La Ronge,40,CA,1544281200,84,55.1,-105.3,-17.0,1.5
Mount Isa,0,AU,1544283000,30,-20.73,139.49,27.0,2.6
Hudiksvall,92,SE,1544284536,98,61.73,17.1,4.05,4.01
Manavadar,0,IN,1544284536,42,21.5,70.14,23.4,4.01
Dothan,90,US,1544282700,66,31.22,-85.39,10.5,4.1
Rio Grande,0,BR,1544281200,31,-32.03,-52.1,23.0,2.1
Baykit,56,RU,1544284386,56,61.68,96.39,-29.0,1.21
Kokopo,56,PG,1544284537,100,-4.34,152.27,27.83,2.66
Ostrovnoy,88,RU,1544284366,93,68.05,39.51,-2.85,6.71
Eyl,0,SO,1544284537,86,7.98,49.82,26.73,7.56
Nalut,44,LY,1544284389,85,31.86,10.98,14.7,1.96
Otoka,75,BA,1544281200,100,43.85,18.36,3.0,5.1
Sicamous,90,CA,1544281200,67,50.84,-118.99,-7.0,1.0
Airai,12,TL,1544284411,92,-8.93,125.41,22.18,0.66
Muisne,75,EC,1544281200,66,0.61,-80.02,29.0,3.1
Sorland,8,NO,1544284538,100,67.67,12.69,4.3,11.61
Half Moon Bay,1,US,1544283600,100,37.46,-122.43,7.0,1.96
Nhulunbuy,0,AU,1544283000,94,-12.18,136.78,27.0,0.86
Lorengau,48,PG,1544284354,98,-2.02,147.27,29.23,3.46
Westport,75,IE,1544283000,87,53.8,-9.52,8.0,10.3
Saint-Leu,0,RE,1544283000,69,-21.15,55.28,26.0,4.6
Oussouye,0,SN,1544281200,28,12.49,-16.54,36.0,3.1
Yamada,75,JP,1544281200,100,36.58,137.08,5.0,8.2
Nioro,0,GM,1544284540,27,13.79,-15.05,34.68,4.76
Florianopolis,40,BR,1544281200,44,-27.6,-48.55,24.0,3.6
Sitka,44,US,1544284408,75,37.17,-99.65,-5.2,1.61
Bulgan,12,MN,1544284541,23,48.81,103.53,-28.08,1.81
Faanui,80,PF,1544284358,100,-16.48,-151.75,25.55,6.56
Kangaatsiaq,0,GL,1544284541,100,68.31,-53.46,-10.68,3.41
Inirida,92,CO,1544284541,99,3.87,-67.92,22.73,1.26
Kuytun,48,RU,1544284542,70,54.34,101.51,-27.0,0.86
Adre,0,TD,1544284542,20,13.47,22.2,30.48,2.56
Nyagan,88,RU,1544284542,81,62.14,65.43,-6.93,2.51
Sovetskaya,24,RU,1544284542,89,44.78,41.17,-3.18,0.91
Inza,92,RU,1544284543,91,53.86,46.36,-5.45,1.41
Hamilton,75,BM,1544280900,64,32.3,-64.78,20.0,5.1
Genteng,92,ID,1544284543,100,-8.36,114.15,23.18,0.76
Gwanda,24,ZW,1544284544,69,-20.94,29.0,26.5,1.66
Matay,0,EG,1544284398,47,28.42,30.79,15.7,1.41
Noumea,75,NC,1544283000,68,-22.28,166.46,21.0,1.5
Meadow Lake,5,CA,1544281200,77,54.13,-108.44,-15.0,4.1
Saint Anthony,90,US,1544280960,81,43.97,-111.68,-5.0,1.16
Morondava,0,MG,1544284545,62,-20.3,44.28,31.83,3.56
Fortuna,0,ES,1544283000,72,38.18,-1.13,20.0,3.6
Wawa,0,NG,1544284545,28,9.9,4.41,34.23,3.71
Vanimo,8,PG,1544284545,100,-2.67,141.3,29.18,4.81
Kristiansund,75,NO,1544282400,93,63.12,7.73,2.0,5.1
Talnakh,80,RU,1544284373,85,69.49,88.39,-20.95,6.11
Price,1,US,1544280780,95,39.6,-110.81,-6.1,1.5
Hornepayne,44,CA,1544284546,80,49.22,-84.78,-12.28,2.31
San Cristobal,75,EC,1544281200,63,-0.39,-78.55,17.0,1.0
Sukhobezvodnoye,64,RU,1544284547,91,57.05,44.89,-9.2,1.81
Rio Gallegos,20,AR,1544281200,37,-51.62,-69.22,19.0,8.7
Dong Hoi,92,VN,1544284547,100,17.48,106.6,21.35,8.36
Vestmanna,56,FO,1544282400,64,62.16,-7.17,3.0,4.6
Victoria,75,BN,1544283000,94,5.28,115.24,27.0,0.5
Saint John,20,CA,1544281200,66,45.28,-66.06,-11.0,7.2
Alice Springs,0,AU,1544283000,33,-23.7,133.88,25.0,2.51
Bay Roberts,90,CA,1544281200,86,47.58,-53.28,-3.0,2.1
West Wendover,1,US,1544280960,91,40.74,-114.07,-6.1,1.5
Sambava,24,MG,1544284364,100,-14.27,50.17,27.48,6.61
Mitu,88,IR,1544284549,97,36.2,46.09,2.25,1.06
Norden,75,DE,1544282700,76,53.59,7.21,9.0,10.8
Abu Samrah,24,SY,1544284549,93,35.3,37.18,10.43,1.96
Pisco,40,PE,1544281200,30,-13.71,-76.2,22.0,4.6
Boende,80,CD,1544284549,92,-0.28,20.88,23.83,1.41
Port Angeles,1,US,1544283300,80,48.12,-123.43,6.7,2.1
Kharan,0,PK,1544284550,90,28.58,65.42,10.95,0.86
Atikokan,48,CA,1544284550,84,48.76,-91.62,-12.85,2.51
Gat,0,SN,1544281200,16,14.69,-16.54,38.0,2.1
Bonavista,56,CA,1544284383,100,48.65,-53.11,-2.18,3.11
Olutanga,0,PH,1544284551,99,7.31,122.85,29.8,3.16
Altay,0,CN,1544284551,27,47.83,88.13,-30.55,0.71
Amethi,0,IN,1544283000,72,26.76,81.16,15.0,1.0
Agirish,80,RU,1544284441,87,61.92,63.02,-8.0,2.06
Thinadhoo,64,MV,1544284552,100,0.53,72.93,28.5,3.76
Segezha,92,RU,1544284552,82,63.74,34.31,-2.5,4.81
Bongor,8,TD,1544284552,29,10.28,15.37,31.43,3.96
Fairbanks,90,US,1544281980,92,64.84,-147.72,-7.2,1.5
Maralal,8,KE,1544284553,78,1.1,36.7,20.65,1.41
Hermon,100,GB,1544280600,76,51.96,-4.61,12.0,16.5
Biltine,0,TD,1544284553,22,14.53,20.93,31.05,4.01
Klaksvik,56,FO,1544282400,64,62.23,-6.59,3.0,4.6
Palana,56,RU,1544284554,83,59.08,159.95,-11.85,1.16
Acari,8,BR,1544284554,64,-6.44,-36.64,30.23,2.61
Touros,75,BR,1544281200,62,-5.2,-35.46,31.0,4.6
Matara,75,PE,1544281200,61,-13.74,-72.9,10.0,3.6
Bonthe,0,SL,1544284555,45,7.53,-12.5,35.05,0.96
Natal,40,BR,1544281200,55,-5.81,-35.21,31.0,4.6
Vardo,1,US,1544283300,63,39.62,-77.74,0.0,1.5
Mugur-Aksy,0,RU,1544284556,37,50.38,90.44,-34.43,0.76
Petropavlovka,36,RU,1544284556,35,50.61,105.32,-31.9,1.21
Frunze,92,UA,1544284556,82,46.83,29.88,3.68,4.21
Alta Floresta,64,BR,1544284432,83,-9.87,-56.08,26.85,1.31
Ucar,90,AZ,1544281200,87,40.51,47.65,9.0,2.1
Maniitsoq,8,GL,1544284352,100,65.42,-52.9,-12.15,2.31
Gillette,1,US,1544280780,71,44.29,-105.5,-5.6,3.1
Leshukonskoye,80,RU,1544284557,76,64.9,45.76,-4.2,3.56
Ingham,100,AU,1544284557,100,-18.65,146.16,23.18,9.26
Honiara,8,SB,1544284557,97,-9.43,159.96,23.43,0.61
Atar,0,MR,1544284557,11,20.52,-13.05,31.35,4.66
Nizhniy Kuranakh,64,RU,1544284558,60,58.84,125.49,-29.7,1.66
Goure,0,NE,1544284558,19,13.98,10.27,30.0,4.46
Kathu,0,ZA,1544284558,15,-27.7,23.05,29.73,6.46
Ambilobe,64,MG,1544284558,95,-13.19,49.05,25.9,1.41
Helmstedt,90,DE,1544282400,75,52.23,11.01,8.0,8.7
Toora-Khem,64,RU,1544284559,74,52.47,96.11,-28.78,1.06
Kitimat,90,CA,1544283600,92,54.02,-128.69,-4.0,1.5
Aswan,0,EG,1544281200,34,24.09,32.9,19.0,4.6
Cap Malheureux,40,MU,1544281200,74,-19.98,57.61,27.0,2.6
Balkanabat,88,TM,1544284560,95,39.51,54.36,6.23,0.61
Shibetsu,76,JP,1544284561,72,44.15,142.46,-7.3,2.21
Lakes Entrance,56,AU,1544284561,81,-37.88,147.99,20.0,2.86
Limon,1,US,1544280900,83,39.26,-103.69,-8.3,1.96
Santa Maria,0,BR,1544284563,50,-29.69,-53.81,23.15,3.91
Sisimiut,0,GL,1544284563,100,66.94,-53.67,-18.2,2.11
Mandalgovi,0,MN,1544284563,55,45.76,106.27,-25.6,4.66
Ornskoldsvik,92,SE,1544282400,100,63.29,18.72,1.0,3.6
Anjozorobe,40,MG,1544283000,64,-18.4,47.88,23.0,5.1
Katherine,90,AU,1544283000,70,-14.47,132.26,30.0,3.1
Umm Kaddadah,0,SD,1544284564,15,13.6,26.69,27.4,3.41
Whitianga,0,NZ,1544284565,100,-36.83,175.7,16.93,6.41
Kahului,40,US,1544280960,78,20.89,-156.47,22.8,4.6
Pearl Lagoon,75,NI,1544281200,83,12.34,-83.67,27.0,2.1
Chapais,90,CA,1544284140,76,49.78,-74.86,-22.0,3.1
Berlevag,0,NO,1544284129,100,70.86,29.09,-10.93,3.11
Jackville,20,CI,1544281200,66,5.21,-4.42,31.0,4.1
Olonets,92,RU,1544284566,78,60.98,32.97,-2.2,5.11
Yelniki,88,RU,1544284566,87,54.62,43.88,-7.3,2.16
Byron Bay,90,AU,1544283000,77,-28.65,153.62,21.0,2.1
College,90,US,1544281980,92,64.86,-147.8,-7.2,1.5
Khani,90,GE,1544283000,87,41.96,42.96,7.0,1.0
Trebisacce,90,IT,1544280900,100,39.87,16.53,18.0,10.3
Andilamena,24,MG,1544284567,46,-17.01,48.57,26.08,2.36
Palencia,0,ES,1544283000,54,42.01,-4.53,12.0,2.1
Bilibino,12,RU,1544284568,83,68.06,166.44,-40.0,1.01
Kautokeino,88,NO,1544284568,80,69.01,23.04,-15.08,1.06
Hasaki,75,JP,1544283000,93,35.73,140.83,3.0,3.6
Okhotsk,44,RU,1544284439,100,59.36,143.24,-10.08,2.51
Rancho Palos Verdes,5,US,1544281080,81,33.75,-118.37,12.8,2.86
Ridgecrest,1,US,1544280960,92,35.62,-117.67,1.1,2.1
Winton,0,AU,1544284569,31,-22.38,143.04,25.3,4.76
Fort-Shevchenko,92,KZ,1544284570,100,44.51,50.26,1.18,4.46
Limbang,75,BN,1544283000,94,4.75,115.01,27.0,2.1
Kijang,0,KR,1544281200,42,35.24,129.21,-3.0,2.1
Mosquera,75,CO,1544281200,48,4.71,-74.23,17.0,3.1
Kumluca,8,TR,1544284571,94,36.37,30.29,3.6,0.71
Puri,40,ID,1544281200,78,-7.54,112.45,28.0,2.1
Marawi,0,PH,1544284393,93,8.0,124.29,16.95,1.21
Am Timan,8,TD,1544284423,18,11.04,20.28,34.25,2.06
Khuzhir,56,RU,1544284571,100,53.19,107.35,-18.43,2.21
La Union,24,GT,1544284572,84,14.97,-89.29,20.93,1.01
Puerto Leguizamo,100,CO,1544284572,96,-0.19,-74.78,23.8,1.21
Eugene,90,US,1544282880,92,44.05,-123.1,2.2,1.41
Voznesenye,64,RU,1544284572,95,61.02,35.48,-2.85,8.81
Dubbo,0,AU,1544283000,42,-32.25,148.6,20.0,2.6
Mae Hong Son,92,MM,1544284573,97,19.3,97.96,18.23,0.96
Lokossa,32,BJ,1544284573,52,6.65,1.72,33.93,2.56
Mayo,40,CA,1544281200,68,63.59,-135.9,-2.0,1.0
Haradok,90,BY,1544281200,92,55.46,29.99,-5.0,6.0
Flagstaff,1,US,1544283300,71,35.2,-111.65,6.0,3.1
Cabatuan,56,PH,1544284574,93,16.95,121.67,21.2,1.61
Polis,40,CY,1544283000,59,35.04,32.42,18.0,2.1
Savinka,92,RU,1544284575,94,50.08,47.1,-2.6,2.81
Laguna,5,MX,1544280300,93,27.52,-110.01,12.0,1.0
Bambanglipuro,92,ID,1544284575,98,-7.95,110.28,23.05,1.51
Caceres,64,CO,1544284576,94,5.53,-74.53,21.33,0.91
Krasnogorsk,90,RU,1544283000,85,55.82,37.34,-3.0,4.0
Plast,20,RU,1544284576,48,54.37,60.81,-19.35,2.36
Minab,0,IR,1544283000,53,27.15,57.07,24.0,4.1
Ube,40,JP,1544281200,41,33.96,131.25,5.0,8.7
Madaoua,0,NE,1544284577,19,14.07,5.96,32.05,4.31
Palmer,90,US,1544282880,81,61.6,-149.11,2.2,2.6
Flinders,0,AU,1544284316,82,-34.58,150.85,19.73,2.11
Bodden Town,40,KY,1544281200,74,19.28,-81.25,29.0,5.1
Mujiayingzi,0,CN,1544284578,41,42.12,118.78,-21.45,1.66
Tongchuan,0,CN,1544281200,32,34.9,108.95,-4.0,2.0
Nchelenge,12,ZM,1544284578,68,-9.35,28.74,26.6,1.86
Hammerfest,0,NO,1544282400,68,70.66,23.68,-3.0,5.1
Dabakala,0,CI,1544284578,44,8.36,-4.43,33.05,3.21
Kita,75,JP,1544283000,72,35.76,139.74,10.0,7.7
Ca Mau,56,VN,1544284579,90,9.18,105.15,26.7,5.51
Peniche,0,PT,1544281200,72,39.36,-9.38,17.0,3.6
North Bend,20,US,1544280960,96,43.41,-124.22,7.2,2.6
Barreirinhas,44,BR,1544284580,100,-2.75,-42.83,28.3,3.01
Viransehir,88,TR,1544284580,98,37.24,39.76,9.0,1.56
Kasempa,48,ZM,1544284580,77,-13.46,25.83,25.75,1.71
Port Lavaca,90,US,1544282400,91,28.61,-96.63,10.6,6.7
Jiayuguan,0,CN,1544284336,53,39.77,98.29,-26.3,1.06
Bani Walid,56,LY,1544284581,65,31.76,14.0,17.3,3.41
Waipawa,24,NZ,1544284581,84,-39.94,176.59,8.55,1.16
Iquique,0,CL,1544281200,60,-20.22,-70.14,22.0,7.7
Madinat Sittah Uktubar,40,EG,1544283000,52,29.82,31.05,18.0,2.1
Srednekolymsk,36,RU,1544284414,75,67.46,153.71,-38.53,1.31
Trincomalee,100,LK,1544284582,82,8.58,81.23,26.15,4.51
Sandomierz,64,PL,1544283000,86,50.68,21.75,4.0,2.1
Ternate,20,PH,1544281200,69,14.29,120.72,28.0,0.5
Necochea,0,AR,1544284583,66,-38.55,-58.74,25.43,6.61
